{
    "0.001": 1.0,
    "0.011090909090909092": 1.0,
    "0.021181818181818184": 1.0,
    "0.03127272727272727": 1.0,
    "0.041363636363636366": 1.0,
    "0.05145454545454546": 0.9994095069382934,
    "0.06154545454545455": 1.0,
    "0.07163636363636364": 0.9993664202745512,
    "0.08172727272727273": 0.9998121712997746,
    "0.09181818181818183": 0.9995004995004995,
    "0.10190909090909092": 0.9994029850746269,
    "0.112": 0.9997251992305578,
    "0.1220909090909091": 0.9993664470349721,
    "0.13218181818181818": 0.9992984917572781,
    "0.14227272727272727": 0.9995714132647594,
    "0.15236363636363637": 0.9984872932634127,
    "0.16245454545454546": 0.998030573009472,
    "0.17254545454545456": 0.9982349307210308,
    "0.18263636363636365": 0.9992547818166764,
    "0.19272727272727275": 0.9993489053471148,
    "0.20281818181818184": 0.9985808186435614,
    "0.2129090909090909": 0.998705129127401,
    "0.223": 0.9978557100366604,
    "0.2330909090909091": 0.9988187426171413,
    "0.2431818181818182": 0.9984511492472585,
    "0.25327272727272726": 0.9966502223034289,
    "0.26336363636363636": 0.9992425566625881,
    "0.27345454545454545": 0.9960990502035278,
    "0.28354545454545454": 0.9983845781056486,
    "0.29363636363636364": 0.997642003772794,
    "0.30372727272727273": 0.9971492567705151,
    "0.31381818181818183": 0.9951320609215346,
    "0.3239090909090909": 0.9963157148930141,
    "0.334": 0.9966154409074277,
    "0.3440909090909091": 0.9949971222384557,
    "0.3541818181818182": 0.9906598114824335,
    "0.3642727272727273": 0.9936178200475535,
    "0.3743636363636364": 0.9928448769318833,
    "0.3844545454545455": 0.9934530938123752,
    "0.3945454545454546": 0.9931209693179598,
    "0.4046363636363637": 0.9923268823707287,
    "0.4147272727272727": 0.9907798552694412,
    "0.4248181818181818": 0.9920245398773007,
    "0.4349090909090909": 0.9911745941731056,
    "0.445": 0.9874304553884196,
    "0.4550909090909091": 0.9902046882388705,
    "0.4651818181818182": 0.9926699172093327,
    "0.4752727272727273": 0.9819571080005137,
    "0.4853636363636364": 0.9791699542370207,
    "0.4954545454545455": 0.9870359457866824,
    "0.5055454545454545": 0.9867453472537449,
    "0.5156363636363637": 0.9624107142857142,
    "0.5257272727272727": 0.9567594433399602,
    "0.5358181818181819": 0.931226288615683,
    "0.5459090909090909": 0.9773820174457616,
    "0.556": 0.8823708712037243,
    "0.5660909090909091": 0.941540633739716,
    "0.5761818181818182": 0.8611612355376287,
    "0.5862727272727273": 0.7068415826059687,
    "0.5963636363636364": 0.2099154496541122,
    "0.6064545454545455": 0.1968184339232592,
    "0.6165454545454546": 0.21560135404221425,
    "0.6266363636363637": 0.09798165137614678,
    "0.6367272727272728": 0.09194217352736689,
    "0.6468181818181818": 0.07057089188482298,
    "0.6569090909090909": 0.04432003732213669,
    "0.667": 0.042432847099773296,
    "0.6770909090909091": 0.029070949379955274,
    "0.6871818181818182": 0.024205748865355523,
    "0.6972727272727273": 0.02413626797614872,
    "0.7073636363636364": 0.017452383004395416,
    "0.7174545454545455": 0.013702717101758124,
    "0.7275454545454546": 0.011221443543435456,
    "0.7376363636363636": 0.00892429947369516,
    "0.7477272727272728": 0.00617435394177298,
    "0.7578181818181818": 0.004825748091911319,
    "0.767909090909091": 0.004095834576001591,
    "0.778": 0.003919714786582363,
    "0.7880909090909092": 0.002626970227670753,
    "0.7981818181818182": 0.002302909342135565,
    "0.8082727272727274": 0.0017837489088769972,
    "0.8183636363636364": 0.0016509389715400635,
    "0.8284545454545454": 0.001109159811442832,
    "0.8385454545454546": 0.0007473160417767894,
    "0.8486363636363636": 0.0005595465867658207,
    "0.8587272727272728": 0.0005166761687571265,
    "0.8688181818181818": 0.0003520568923938108,
    "0.878909090909091": 0.00027879421502003836,
    "0.889": 8.61163259330704e-05,
    "0.8990909090909092": 0.0001194926682712825,
    "0.9091818181818182": 6.732080044431729e-05,
    "0.9192727272727274": 4.999750012499375e-05,
    "0.9293636363636364": 3.2976092333058534e-05,
    "0.9394545454545455": 1.6309222865530456e-05,
    "0.9495454545454546": 1.6108247422680413e-05,
    "0.9596363636363637": 1.5978780179921066e-05,
    "0.9697272727272728": 0.0,
    "0.9798181818181818": 0.0,
    "0.989909090909091": 0.0,
    "1.0": 0.0
}